Date,Production_Tons,Electricity_Consumption_MWh,Temperature_Celsius,Humidity_Percent,Weather_Condition,Shift,Downtime_Hours
2024-01-01,524.8,1102.2,31.0,34.4,Foggy,Morning,2.14
2024-01-02,493.1,1240.8,27.7,67.3,Stormy,Evening,5.15
2024-01-03,532.4,1029.7,29.1,88.9,Sunny,Evening,0.87
2024-01-04,576.2,1302.9,34.9,41.4,Cloudy,Evening,0.49
2024-01-05,488.3,1247.3,40.3,77.6,Stormy,Night,2.4
2024-01-06,488.3,1225.6,34.0,84.5,Cloudy,Night,0.59
2024-01-07,579.0,1298.3,26.0,86.6,Sunny,Evening,0.53
2024-01-08,538.4,1366.5,34.2,87.6,Stormy,Morning,0.4
2024-01-09,476.5,1301.4,38.0,61.3,Sunny,Night,0.21
2024-01-10,527.1,1015.9,29.0,88.6,Sunny,Morning,0.44
2024-01-11,476.8,1072.0,31.3,75.4,Foggy,Evening,0.66
2024-01-12,476.7,1137.5,32.1,39.7,Foggy,Morning,1.68
2024-01-13,512.1,1202.6,28.1,58.6,Cloudy,Night,0.1
2024-01-14,404.3,1251.8,35.2,73.1,Rainy,Morning,0.35
2024-01-15,413.8,1127.4,31.4,44.8,Foggy,Evening,2.48
2024-01-16,471.9,1218.7,34.1,68.4,Stormy,Night,0.24
2024-01-17,449.4,1124.5,27.6,70.0,Rainy,Evening,0.63
2024-01-18,515.7,1138.8,29.8,39.8,Sunny,Night,3.0
2024-01-19,454.6,1059.3,35.6,63.9,Rainy,Morning,0.25
2024-01-20,429.4,1107.7,30.1,76.3,Sunny,Night,0.13
2024-01-21,573.3,1064.8,40.6,59.9,Sunny,Evening,0.99
2024-01-22,488.7,1102.4,30.0,30.7,Sunny,Morning,0.54
2024-01-23,503.4,1305.4,33.1,30.5,Stormy,Morning,1.24
2024-01-24,428.8,1105.1,36.7,51.4,Rainy,Evening,2.44
2024-01-25,472.8,1463.2,24.9,85.6,Cloudy,Evening,0.22
2024-01-26,505.5,1249.3,23.2,43.7,Stormy,Evening,1.3
2024-01-27,442.5,1218.5,24.4,68.1,Stormy,Night,1.06
2024-01-28,518.8,1114.2,38.3,43.3,Foggy,Night,0.23
2024-01-29,470.0,1270.0,29.2,49.3,Rainy,Morning,1.47
2024-01-30,485.4,1142.4,44.8,80.9,Stormy,Night,0.48
2024-01-31,469.9,1212.2,29.2,73.7,Foggy,Morning,1.0
2024-02-01,592.6,1456.0,32.9,35.7,Foggy,Morning,0.13
2024-02-02,499.3,1190.4,39.7,55.7,Sunny,Evening,0.92
2024-02-03,447.1,1314.9,42.0,31.8,Rainy,Evening,0.55
2024-02-04,541.1,1129.7,42.3,58.9,Foggy,Morning,2.59
2024-02-05,439.0,1196.5,38.0,69.7,Sunny,Evening,0.09
2024-02-06,510.4,1377.1,37.1,37.1,Cloudy,Evening,0.81
2024-02-07,402.0,1137.3,35.0,47.3,Rainy,Evening,0.92
2024-02-08,433.6,1381.2,35.9,53.9,Stormy,Morning,1.94
2024-02-09,509.8,1270.8,29.2,85.2,Foggy,Night,1.28
2024-02-10,536.9,1143.8,27.9,89.6,Sunny,Night,1.65
2024-02-11,508.6,1263.2,32.0,32.7,Stormy,Evening,2.25
2024-02-12,494.2,1297.3,31.1,75.7,Foggy,Evening,2.97
2024-02-13,484.9,1262.2,29.7,52.3,Rainy,Morning,0.57
2024-02-14,426.1,1043.0,35.5,53.5,Cloudy,Night,1.16
2024-02-15,464.0,1127.3,36.8,75.3,Rainy,Morning,2.75
2024-02-16,477.0,1175.2,32.4,85.1,Rainy,Morning,6.83
2024-02-17,552.9,1192.6,39.4,87.1,Rainy,Night,3.3
2024-02-18,517.2,1262.1,26.3,64.6,Foggy,Night,0.7
2024-02-19,411.8,1217.8,31.0,51.4,Stormy,Evening,0.33
2024-02-20,516.2,1066.5,28.4,77.3,Stormy,Evening,1.01
2024-02-21,480.7,1238.0,22.7,45.1,Sunny,Morning,2.03
2024-02-22,466.2,1261.1,31.6,63.8,Rainy,Morning,1.02
2024-02-23,530.6,1256.0,31.4,51.5,Cloudy,Morning,0.99
2024-02-24,551.5,1308.1,39.6,69.4,Cloudy,Night,2.73
2024-02-25,546.6,1283.4,35.2,44.4,Foggy,Morning,0.67
2024-02-26,458.0,1245.9,26.9,41.5,Rainy,Evening,2.95
2024-02-27,484.5,1193.0,41.3,85.1,Foggy,Evening,0.78
2024-02-28,516.6,1033.9,38.1,36.1,Foggy,Evening,0.6
2024-02-29,548.8,1243.0,34.9,60.4,Rainy,Morning,0.91
2024-03-01,476.0,1220.8,30.9,43.3,Rainy,Morning,2.16
2024-03-02,490.7,1227.2,27.2,32.3,Cloudy,Morning,0.2
2024-03-03,444.7,1072.3,30.1,32.2,Stormy,Morning,0.33
2024-03-04,440.2,1091.9,37.4,40.5,Rainy,Evening,4.54
2024-03-05,540.6,1305.3,41.4,82.0,Rainy,Morning,0.29
2024-03-06,567.8,1196.0,39.7,46.9,Rainy,Morning,1.26
2024-03-07,496.4,1268.2,29.6,87.0,Foggy,Evening,1.3
2024-03-08,550.2,1202.8,26.4,64.9,Sunny,Morning,1.01
2024-03-09,518.1,1203.0,32.7,56.2,Foggy,Evening,1.55
2024-03-10,467.7,1293.8,23.2,64.8,Foggy,Evening,0.39
2024-03-11,518.1,1148.4,33.6,61.0,Cloudy,Morning,1.21
2024-03-12,576.9,1209.6,31.3,75.5,Foggy,Evening,0.7
2024-03-13,498.2,1153.8,29.7,46.9,Rainy,Evening,1.63
2024-03-14,578.2,1156.6,24.0,51.2,Stormy,Night,0.23
2024-03-15,369.0,1169.1,34.6,83.6,Stormy,Evening,1.27
2024-03-16,541.1,1222.2,29.3,86.8,Foggy,Evening,0.31
2024-03-17,504.4,1152.1,26.2,83.6,Cloudy,Evening,0.49
2024-03-18,485.0,1325.6,17.6,55.2,Rainy,Evening,0.37
2024-03-19,504.6,1110.5,31.9,76.8,Cloudy,Morning,0.3
2024-03-20,400.6,1181.3,40.9,58.6,Cloudy,Night,2.62
2024-03-21,489.0,1156.0,40.3,59.9,Sunny,Evening,0.5
2024-03-22,517.9,1344.7,29.7,42.3,Stormy,Evening,3.93
2024-03-23,573.9,1219.7,29.0,65.5,Sunny,Evening,5.26
2024-03-24,474.1,1303.2,34.3,41.2,Sunny,Morning,1.27
2024-03-25,459.6,1051.4,27.0,49.9,Rainy,Morning,0.23
2024-03-26,474.9,1226.7,33.5,81.3,Cloudy,Evening,0.7
2024-03-27,545.8,1289.0,35.8,42.4,Stormy,Evening,2.4
2024-03-28,516.4,1208.2,38.1,34.3,Stormy,Evening,0.69
2024-03-29,473.5,1306.5,31.5,34.1,Foggy,Evening,0.14
2024-03-30,525.7,1148.3,31.0,86.4,Cloudy,Night,1.22
2024-03-31,504.9,1340.9,27.6,60.4,Stormy,Night,2.8
2024-04-01,548.4,1429.9,27.9,54.6,Rainy,Morning,2.38
2024-04-02,464.9,1163.7,30.9,78.7,Cloudy,Night,0.29
2024-04-03,483.6,1155.4,33.8,80.1,Stormy,Morning,1.68
2024-04-04,480.4,1345.3,36.6,49.9,Rainy,Night,0.37
2024-04-05,426.8,1358.0,28.0,71.6,Stormy,Morning,0.37
2024-04-06,514.8,1147.7,39.5,76.3,Rainy,Night,3.11
2024-04-07,513.1,1158.0,30.6,69.3,Sunny,Night,0.43
2024-04-08,500.3,1171.8,31.9,39.1,Stormy,Morning,0.46
2024-04-09,488.3,1065.6,28.3,82.6,Rainy,Night,0.0
2024-04-10,429.2,1108.1,19.9,62.3,Cloudy,Evening,3.07
2024-04-11,479.0,1099.6,36.4,46.9,Stormy,Morning,2.36
2024-04-12,482.9,1123.2,35.7,55.5,Sunny,Night,1.48
2024-04-13,459.9,1196.5,30.6,32.3,Cloudy,Morning,2.08
2024-04-14,491.9,1223.4,32.3,37.7,Foggy,Morning,0.25
2024-04-15,520.2,1355.1,34.6,75.9,Foggy,Evening,0.92
2024-04-16,594.3,1100.2,24.2,30.0,Cloudy,Night,0.65
2024-04-17,508.7,1298.4,29.4,55.0,Sunny,Morning,0.15
2024-04-18,512.9,1178.6,36.0,61.4,Cloudy,Evening,1.0
2024-04-19,496.3,1195.1,25.7,33.3,Sunny,Night,3.8
2024-04-20,404.1,1267.5,33.5,88.4,Stormy,Evening,0.06
2024-04-21,498.7,1087.7,25.2,43.6,Stormy,Night,0.52
2024-04-22,503.0,1238.2,34.3,48.3,Foggy,Morning,0.35
2024-04-23,623.2,1216.6,31.8,48.2,Sunny,Morning,0.41
2024-04-24,490.4,1249.2,23.9,43.8,Cloudy,Evening,3.59
2024-04-25,515.1,1228.9,37.8,30.1,Cloudy,Morning,0.95
2024-04-26,498.3,1445.5,28.3,73.8,Foggy,Morning,0.94
2024-04-27,441.6,1136.2,27.9,88.0,Sunny,Evening,2.14
2024-04-28,557.1,1146.9,33.0,43.5,Foggy,Evening,0.25
2024-04-29,537.6,1137.7,37.7,69.8,Sunny,Evening,1.0
2024-04-30,539.6,1144.5,26.9,74.5,Rainy,Night,0.84
2024-05-01,454.5,1136.3,32.3,80.9,Sunny,Morning,1.36
2024-05-02,570.1,1318.9,34.1,55.4,Foggy,Evening,8.0
2024-05-03,429.9,1342.1,35.5,48.2,Sunny,Evening,2.2
2024-05-04,529.3,1142.9,32.9,49.5,Foggy,Morning,0.76
2024-05-05,609.5,1116.8,30.2,72.8,Foggy,Evening,2.64
2024-05-06,450.5,1247.1,27.9,79.0,Stormy,Morning,0.28
2024-05-07,471.7,1144.8,32.4,40.9,Stormy,Morning,0.05
2024-05-08,505.0,1263.3,26.6,52.3,Cloudy,Evening,0.34
2024-05-09,474.8,1220.3,17.4,84.1,Stormy,Evening,0.62
2024-05-10,422.5,1048.4,34.2,78.4,Sunny,Night,1.07
2024-05-11,503.4,1354.8,36.5,89.1,Cloudy,Morning,1.43
2024-05-12,446.9,1379.6,20.2,75.3,Sunny,Morning,3.62
2024-05-13,523.7,1138.7,27.0,53.6,Rainy,Morning,1.07
2024-05-14,454.0,1161.2,35.1,65.4,Cloudy,Morning,1.04
2024-05-15,577.5,1228.6,42.3,69.7,Stormy,Night,0.08
2024-05-16,460.8,1233.4,32.1,34.7,Sunny,Evening,0.05
2024-05-17,483.9,1265.9,28.4,62.7,Sunny,Morning,1.2
2024-05-18,540.7,1401.0,31.1,72.6,Foggy,Evening,0.86
2024-05-19,438.5,1182.3,38.9,40.0,Cloudy,Evening,2.74
2024-05-20,511.4,1120.2,28.8,76.8,Rainy,Morning,0.26
2024-05-21,565.4,1062.1,28.0,65.0,Rainy,Morning,0.04
2024-05-22,419.6,1126.9,29.6,87.1,Stormy,Morning,0.89
2024-05-23,509.2,1196.7,27.2,32.5,Sunny,Morning,0.41
2024-05-24,513.0,1379.5,32.6,45.9,Rainy,Morning,0.08
2024-05-25,539.1,1148.2,40.1,66.1,Foggy,Evening,1.93
2024-05-26,438.2,1222.4,33.6,47.8,Foggy,Morning,0.18
2024-05-27,434.0,1198.4,30.7,72.9,Rainy,Night,1.41
2024-05-28,526.1,1318.8,30.5,75.5,Stormy,Evening,0.49
2024-05-29,514.8,1452.7,24.2,36.2,Foggy,Evening,0.29
2024-05-30,512.5,1146.9,36.4,60.8,Stormy,Morning,0.72
2024-05-31,517.3,1151.1,31.6,60.5,Rainy,Morning,2.43
2024-06-01,466.0,1304.4,31.1,52.2,Foggy,Evening,0.75
2024-06-02,511.6,1268.2,45.0,86.0,Stormy,Night,2.08
2024-06-03,514.7,1384.7,33.5,79.7,Foggy,Evening,0.2
2024-06-04,464.3,1258.4,28.2,71.8,Cloudy,Night,2.22
2024-06-05,593.3,1164.1,29.9,72.9,Stormy,Evening,0.41
2024-06-06,523.7,1259.1,37.7,57.7,Rainy,Morning,1.7
2024-06-07,440.4,1310.9,32.6,85.3,Foggy,Morning,1.25
2024-06-08,532.8,1282.0,24.8,71.7,Foggy,Night,3.97
2024-06-09,451.3,1250.7,36.6,73.7,Cloudy,Evening,0.73
2024-06-10,539.4,1306.7,28.7,81.7,Cloudy,Morning,0.1
2024-06-11,557.9,1316.9,41.4,46.4,Cloudy,Evening,0.03
2024-06-12,459.0,1338.2,37.4,78.4,Sunny,Night,2.63
2024-06-13,548.2,1264.9,29.8,41.7,Foggy,Night,1.12
2024-06-14,520.6,1183.3,38.4,50.7,Cloudy,Night,2.24
2024-06-15,541.1,1214.7,32.3,50.1,Foggy,Night,0.4
2024-06-16,594.8,1320.7,36.3,88.7,Rainy,Night,0.63
2024-06-17,487.7,1118.3,34.4,81.4,Sunny,Evening,0.05
2024-06-18,462.3,1236.9,27.8,72.1,Foggy,Morning,4.89
2024-06-19,455.5,1160.7,28.8,73.6,Foggy,Evening,1.65
2024-06-20,459.2,1202.9,37.1,63.7,Stormy,Morning,4.06
2024-06-21,496.1,1327.8,30.3,86.8,Sunny,Morning,0.46
2024-06-22,517.1,1219.1,30.0,59.8,Rainy,Evening,1.42
2024-06-23,513.8,1204.6,27.2,52.8,Foggy,Evening,1.7
2024-06-24,541.4,1064.0,34.1,39.8,Cloudy,Night,0.57
2024-06-25,500.7,1274.6,42.3,77.2,Foggy,Evening,2.83
2024-06-26,572.7,1264.5,26.7,74.1,Rainy,Morning,4.41
2024-06-27,486.8,1416.3,32.1,53.1,Sunny,Night,3.24
2024-06-28,636.0,1169.2,39.1,31.5,Foggy,Evening,2.02
2024-06-29,531.3,1221.9,31.6,80.3,Foggy,Night,0.49
2024-06-30,457.1,1224.9,34.3,30.7,Stormy,Evening,0.5
2024-07-01,446.5,1357.7,26.7,72.2,Cloudy,Evening,4.96
2024-07-02,524.1,1190.5,34.1,88.2,Sunny,Morning,0.02
2024-07-03,488.8,1227.9,31.1,56.3,Sunny,Morning,1.89
2024-07-04,535.7,1260.8,36.9,44.1,Cloudy,Morning,1.84
2024-07-05,523.7,1218.7,37.9,72.3,Rainy,Morning,1.46
2024-07-06,496.4,1155.4,44.9,79.0,Sunny,Evening,6.92
2024-07-07,457.7,1219.4,34.9,62.8,Sunny,Evening,0.56
2024-07-08,424.3,1307.4,33.6,88.0,Sunny,Night,0.62
2024-07-09,477.7,1097.3,33.0,33.1,Cloudy,Evening,0.12
2024-07-10,542.8,1213.3,30.2,60.3,Stormy,Evening,0.88
2024-07-11,510.7,1130.0,33.7,73.1,Sunny,Evening,0.45
2024-07-12,437.7,1319.5,30.5,81.8,Cloudy,Night,0.63
2024-07-13,508.7,1047.7,32.8,40.8,Cloudy,Night,2.7
2024-07-14,519.3,1144.1,38.6,78.0,Foggy,Night,4.11
2024-07-15,455.8,1237.7,27.0,63.2,Foggy,Night,0.31
2024-07-16,507.7,1356.6,37.7,53.8,Stormy,Morning,0.7
2024-07-17,502.9,1193.4,38.6,37.9,Foggy,Evening,3.96
2024-07-18,442.9,1144.5,31.4,81.9,Rainy,Night,0.1
2024-07-19,517.9,1388.1,21.4,39.4,Foggy,Morning,0.15
2024-07-20,528.0,1055.2,29.0,48.6,Foggy,Evening,0.27
2024-07-21,554.2,980.1,38.5,47.4,Foggy,Evening,1.36
2024-07-22,552.7,1244.0,31.9,82.3,Sunny,Morning,0.24
2024-07-23,431.1,1149.8,27.0,70.4,Rainy,Night,5.17
2024-07-24,453.1,1097.9,29.5,77.8,Cloudy,Morning,0.89
2024-07-25,525.8,1270.8,36.2,45.0,Sunny,Night,1.04
2024-07-26,525.7,1224.4,34.7,67.5,Cloudy,Night,0.42
2024-07-27,525.8,1143.6,30.8,64.3,Rainy,Evening,0.96
2024-07-28,692.6,1072.0,30.2,80.0,Rainy,Morning,1.63
2024-07-29,528.5,1287.2,30.0,84.4,Stormy,Night,2.09
2024-07-30,556.8,1265.0,27.4,30.7,Foggy,Morning,2.1
2024-07-31,547.7,1190.1,40.1,70.4,Rainy,Morning,1.29
2024-08-01,532.6,1384.7,30.4,33.1,Cloudy,Night,3.52
2024-08-02,484.2,1093.0,38.1,62.9,Stormy,Morning,2.55
2024-08-03,537.9,1047.4,39.6,47.3,Cloudy,Evening,2.12
2024-08-04,461.4,1130.8,37.0,48.4,Rainy,Night,0.09
2024-08-05,488.2,1195.4,29.8,51.2,Rainy,Evening,0.01
2024-08-06,475.7,1224.3,34.0,67.3,Cloudy,Evening,0.36
2024-08-07,504.1,1175.9,31.9,50.0,Stormy,Night,1.63
2024-08-08,615.7,1235.2,27.5,74.0,Foggy,Night,0.79
2024-08-09,406.6,1074.8,33.6,54.3,Cloudy,Night,0.77
2024-08-10,534.3,1344.4,26.1,34.1,Sunny,Morning,3.24
2024-08-11,419.4,1191.8,37.9,77.0,Foggy,Morning,3.39
2024-08-12,476.4,1311.7,29.7,47.1,Cloudy,Morning,3.6
2024-08-13,554.4,1234.3,33.0,56.0,Rainy,Evening,0.57
2024-08-14,503.2,1245.7,33.4,71.1,Stormy,Morning,1.76
2024-08-15,446.1,1257.0,30.7,49.9,Stormy,Morning,0.48
2024-08-16,464.2,1244.8,34.9,33.4,Stormy,Evening,0.32
2024-08-17,534.0,1264.3,29.6,52.4,Cloudy,Night,0.31
2024-08-18,463.5,1332.9,36.4,86.7,Foggy,Evening,0.63
2024-08-19,510.8,1219.7,25.3,68.5,Foggy,Night,0.84
2024-08-20,502.3,1270.9,32.6,70.3,Stormy,Evening,2.67
2024-08-21,467.4,1191.0,41.7,67.9,Foggy,Night,0.19
2024-08-22,607.2,1344.0,27.0,41.9,Foggy,Night,1.99
2024-08-23,531.7,1132.4,28.6,55.1,Stormy,Evening,1.14
2024-08-24,398.7,1380.1,34.6,75.1,Cloudy,Night,0.51
2024-08-25,509.3,1196.0,32.9,36.1,Stormy,Morning,1.02
2024-08-26,466.9,1056.9,33.8,46.7,Cloudy,Night,0.53
2024-08-27,542.6,1212.8,34.4,46.6,Cloudy,Morning,1.36
2024-08-28,460.4,1131.9,35.2,55.9,Stormy,Night,0.85
2024-08-29,494.3,1284.1,37.5,88.8,Rainy,Night,0.27
2024-08-30,525.2,1134.7,34.0,34.1,Sunny,Evening,0.19
2024-08-31,543.3,1155.4,30.8,61.1,Sunny,Evening,1.19
2024-09-01,440.0,1011.0,35.4,40.8,Rainy,Evening,3.49
2024-09-02,483.3,1154.8,41.5,88.2,Rainy,Night,0.63
2024-09-03,476.3,957.6,31.3,36.8,Sunny,Morning,1.98
2024-09-04,467.3,1041.6,27.1,54.2,Foggy,Night,1.61
2024-09-05,588.3,1276.0,37.5,74.3,Rainy,Night,4.02
2024-09-06,520.2,1278.6,31.4,72.3,Rainy,Morning,2.58
2024-09-07,437.0,1242.5,21.1,55.4,Stormy,Evening,1.25
2024-09-08,545.9,1103.3,36.2,50.8,Foggy,Evening,1.61
2024-09-09,606.1,1195.2,29.3,53.9,Rainy,Evening,3.43
2024-09-10,551.6,1199.6,31.5,45.9,Rainy,Evening,0.77
2024-09-11,424.0,1084.2,33.7,42.3,Foggy,Night,0.59
2024-09-12,475.8,1350.3,33.0,59.0,Sunny,Evening,0.02
2024-09-13,563.3,1287.7,35.5,46.1,Foggy,Morning,2.63
2024-09-14,464.6,1177.9,29.8,47.2,Cloudy,Morning,2.42
2024-09-15,522.2,1202.7,34.6,69.4,Sunny,Night,0.17
2024-09-16,538.7,1220.8,30.7,88.1,Cloudy,Evening,1.29
2024-09-17,453.7,995.8,35.7,66.2,Foggy,Evening,0.94
2024-09-18,497.0,1175.3,35.1,34.6,Cloudy,Morning,0.19
2024-09-19,337.9,1131.8,27.3,34.5,Foggy,Evening,5.91
2024-09-20,448.8,1099.8,37.4,87.1,Rainy,Morning,0.36
2024-09-21,487.4,1171.9,29.3,47.8,Stormy,Night,0.1
2024-09-22,437.6,1379.8,36.0,35.5,Cloudy,Evening,1.36
2024-09-23,581.6,1264.1,33.8,65.9,Cloudy,Night,2.01
2024-09-24,428.5,1142.9,41.2,67.4,Sunny,Evening,0.05
2024-09-25,478.0,1257.3,30.9,68.9,Cloudy,Night,1.61
2024-09-26,506.5,1339.9,30.3,46.0,Foggy,Night,1.14
2024-09-27,572.1,1292.5,31.9,30.9,Sunny,Morning,0.16
2024-09-28,428.2,1206.0,30.5,87.9,Rainy,Night,0.28
2024-09-29,558.2,1135.3,36.0,45.1,Sunny,Morning,1.26
2024-09-30,500.5,1269.8,23.9,70.6,Sunny,Morning,0.53
2024-10-01,450.9,1239.3,26.7,72.4,Stormy,Evening,4.18
2024-10-02,523.1,1289.5,26.7,66.6,Stormy,Night,2.56
2024-10-03,510.0,1263.5,36.8,48.8,Sunny,Night,6.16
2024-10-04,470.0,1305.0,40.6,46.3,Cloudy,Night,0.45
2024-10-05,503.5,1146.5,31.5,65.9,Stormy,Evening,5.25
2024-10-06,480.7,1331.7,31.2,82.0,Foggy,Evening,0.85
2024-10-07,505.7,1219.8,32.4,86.8,Stormy,Morning,0.64
2024-10-08,533.1,1407.5,37.8,36.4,Cloudy,Evening,0.08
2024-10-09,579.3,1131.1,27.4,39.3,Cloudy,Night,0.08
2024-10-10,438.1,1373.6,33.2,86.7,Foggy,Night,1.77
2024-10-11,606.7,1219.8,36.9,74.2,Sunny,Night,0.92
2024-10-12,402.4,1134.9,34.5,83.0,Foggy,Morning,0.39
2024-10-13,492.4,1151.6,32.9,42.2,Rainy,Night,1.43
2024-10-14,529.4,1168.0,37.0,65.3,Rainy,Evening,0.44
2024-10-15,514.0,1242.4,18.5,72.1,Sunny,Night,1.29
2024-10-16,468.9,1252.3,35.4,70.8,Rainy,Evening,0.67
2024-10-17,489.6,1142.6,28.7,54.5,Cloudy,Night,2.6
2024-10-18,475.3,1197.6,22.8,30.9,Sunny,Morning,2.58
2024-10-19,470.5,1414.2,34.6,65.0,Sunny,Night,0.97
2024-10-20,542.5,1372.8,38.9,45.2,Stormy,Morning,0.65
2024-10-21,517.9,1243.6,31.3,57.0,Stormy,Evening,0.68
2024-10-22,465.4,1203.8,36.8,87.5,Cloudy,Morning,2.46
2024-10-23,545.0,1212.0,40.1,53.9,Rainy,Evening,0.6
2024-10-24,515.4,1261.4,38.6,80.4,Rainy,Morning,0.35
2024-10-25,540.6,1097.7,40.2,41.3,Sunny,Morning,0.13
2024-10-26,531.5,1174.3,35.7,70.3,Cloudy,Night,0.94
2024-10-27,458.6,1033.1,32.4,88.6,Stormy,Morning,0.99
2024-10-28,472.0,1239.9,24.0,36.1,Stormy,Evening,2.76
2024-10-29,537.4,1264.7,30.8,30.5,Foggy,Night,0.38
2024-10-30,530.5,1151.7,27.8,56.0,Sunny,Night,0.72
2024-10-31,499.0,1357.4,42.9,35.6,Cloudy,Night,2.48
2024-11-01,505.9,1077.4,31.1,74.9,Stormy,Evening,2.6
2024-11-02,563.9,1053.6,32.6,84.9,Rainy,Morning,0.73
2024-11-03,470.4,1222.4,34.8,56.0,Foggy,Night,0.92
2024-11-04,527.4,1304.7,32.2,45.5,Rainy,Evening,0.54
2024-11-05,489.9,1368.4,40.5,56.1,Foggy,Morning,4.04
2024-11-06,489.1,1154.1,28.9,73.4,Foggy,Morning,0.19
2024-11-07,554.9,1307.9,33.0,30.5,Sunny,Night,4.07
2024-11-08,541.3,1196.1,28.3,65.4,Stormy,Night,1.73
2024-11-09,540.7,1182.7,25.4,66.8,Sunny,Night,1.14
2024-11-10,565.3,1288.4,28.9,68.3,Rainy,Night,0.05
2024-11-11,501.1,1265.2,31.8,44.5,Stormy,Morning,0.97
2024-11-12,534.1,1042.4,29.9,72.8,Rainy,Morning,0.79
2024-11-13,484.5,1347.7,28.5,35.5,Rainy,Night,0.26
2024-11-14,516.2,1338.0,25.0,42.0,Sunny,Night,1.6
2024-11-15,493.5,1137.4,31.6,82.6,Sunny,Evening,5.32
2024-11-16,504.8,1239.6,24.5,74.3,Rainy,Evening,1.24
2024-11-17,529.8,1249.4,35.8,30.8,Foggy,Night,1.88
2024-11-18,459.1,1226.1,32.4,44.9,Foggy,Night,0.11
2024-11-19,604.6,1145.0,24.7,42.9,Stormy,Evening,0.81
2024-11-20,449.7,1132.8,30.5,46.2,Rainy,Morning,0.19
2024-11-21,439.3,1197.4,28.2,44.9,Rainy,Morning,1.42
2024-11-22,557.9,1317.3,33.6,33.8,Rainy,Night,4.18
2024-11-23,539.6,1254.4,38.7,57.5,Stormy,Morning,1.63
2024-11-24,531.2,1162.9,22.6,74.0,Cloudy,Morning,0.12
2024-11-25,531.4,1277.2,32.6,66.4,Stormy,Evening,0.66
2024-11-26,499.4,915.1,31.2,70.4,Foggy,Evening,1.2
2024-11-27,455.1,1314.9,35.4,34.9,Stormy,Morning,0.77
2024-11-28,503.8,1026.0,33.1,87.1,Cloudy,Night,2.69
2024-11-29,466.1,1163.8,28.2,80.3,Rainy,Morning,2.53
2024-11-30,548.8,1088.0,30.4,78.3,Stormy,Morning,1.42
2024-12-01,492.6,1070.5,28.0,79.4,Sunny,Evening,0.7
2024-12-02,458.7,1316.1,37.4,86.0,Sunny,Morning,0.44
2024-12-03,483.9,1153.2,32.1,62.7,Foggy,Evening,0.17
2024-12-04,520.6,1234.7,41.5,42.0,Foggy,Morning,0.66
2024-12-05,471.8,1195.3,31.7,67.0,Cloudy,Night,0.8
2024-12-06,458.9,1247.7,28.5,74.6,Sunny,Morning,1.69
2024-12-07,512.2,1207.7,24.4,74.3,Sunny,Evening,1.61
2024-12-08,512.2,1071.7,23.0,61.3,Rainy,Morning,0.11
2024-12-09,474.7,1299.6,24.1,34.1,Rainy,Morning,0.75
2024-12-10,476.4,1150.6,33.3,52.3,Cloudy,Morning,0.3
2024-12-11,511.6,1044.3,34.5,85.2,Cloudy,Night,0.26
2024-12-12,427.6,1157.2,24.1,65.1,Sunny,Night,2.63
2024-12-13,429.6,1350.1,36.5,62.3,Stormy,Morning,0.06
2024-12-14,464.1,1285.0,29.6,46.1,Stormy,Morning,0.81
2024-12-15,489.3,1165.1,32.7,52.1,Cloudy,Evening,0.28
2024-12-16,515.5,1165.1,40.1,83.7,Sunny,Night,3.17
2024-12-17,573.8,1167.8,36.5,70.0,Sunny,Night,1.22
2024-12-18,542.9,1407.7,30.7,77.2,Sunny,Night,0.39
2024-12-19,492.0,1238.2,27.5,57.3,Sunny,Evening,1.05
2024-12-20,499.0,1243.0,21.2,67.8,Foggy,Night,1.97
2024-12-21,449.9,1303.0,28.4,44.9,Stormy,Night,4.76
2024-12-22,499.1,1223.9,30.9,72.3,Foggy,Evening,0.37
2024-12-23,485.6,1174.1,27.1,55.7,Foggy,Morning,3.26
2024-12-24,516.1,1180.4,31.3,56.6,Rainy,Evening,4.08
2024-12-25,458.6,1192.8,32.4,69.0,Cloudy,Evening,3.72
2024-12-26,526.0,1196.3,30.9,86.2,Cloudy,Evening,1.51
2024-12-27,576.6,1272.8,28.7,33.8,Rainy,Night,1.49
2024-12-28,494.6,1205.2,32.8,79.5,Foggy,Evening,0.77
2024-12-29,520.1,1273.3,34.2,47.5,Cloudy,Night,2.09
2024-12-30,534.5,1191.9,26.5,56.6,Foggy,Evening,1.14
2024-12-31,479.9,1207.9,39.1,31.3,Stormy,Morning,1.7
2025-01-01,511.2,1000.2,31.5,48.1,Rainy,Night,0.84
2025-01-02,500.6,1291.6,32.1,60.2,Rainy,Morning,1.97
2025-01-03,504.9,1234.6,35.5,33.4,Stormy,Morning,2.61
2025-01-04,461.3,1299.8,33.2,59.5,Stormy,Night,0.24
2025-01-05,501.2,910.4,36.8,85.6,Sunny,Night,2.68
2025-01-06,524.9,1408.8,33.4,36.3,Rainy,Evening,1.17
2025-01-07,572.6,1186.0,28.9,75.9,Stormy,Night,2.79
2025-01-08,548.0,1310.8,33.8,54.6,Foggy,Evening,0.85
2025-01-09,607.7,1096.0,26.3,69.3,Sunny,Evening,0.71
2025-01-10,461.6,1261.3,32.5,45.6,Stormy,Morning,3.7
2025-01-11,543.6,1094.7,31.8,39.6,Rainy,Morning,0.43
2025-01-12,509.2,1137.6,31.0,39.6,Sunny,Evening,2.79
2025-01-13,609.5,1391.4,31.4,34.2,Cloudy,Evening,0.99
2025-01-14,459.6,1180.9,22.6,41.1,Rainy,Evening,1.08
2025-01-15,458.0,1221.7,29.3,69.9,Sunny,Evening,0.55
2025-01-16,470.0,1287.0,32.5,82.9,Cloudy,Night,1.28
2025-01-17,393.8,1249.6,32.8,78.8,Cloudy,Morning,0.59
2025-01-18,473.7,1215.0,26.9,71.1,Cloudy,Night,0.06
2025-01-19,462.0,1236.5,38.3,36.6,Rainy,Morning,0.48
2025-01-20,507.5,1440.3,27.7,47.4,Cloudy,Evening,0.01
2025-01-21,517.1,1194.2,36.8,48.6,Foggy,Night,5.75
2025-01-22,593.8,1220.1,34.1,45.0,Rainy,Evening,5.06
2025-01-23,547.5,1305.1,28.8,60.9,Cloudy,Night,0.75
2025-01-24,471.2,1310.6,40.9,62.1,Rainy,Evening,1.95
2025-01-25,455.1,1318.7,26.0,51.4,Foggy,Night,0.64
2025-01-26,524.6,1263.9,36.6,51.2,Stormy,Night,1.67
2025-01-27,434.0,1085.7,37.0,79.7,Foggy,Night,2.46
2025-01-28,591.6,1363.3,28.6,77.4,Cloudy,Night,4.4
2025-01-29,559.0,1085.4,39.0,48.5,Cloudy,Morning,0.77
2025-01-30,476.5,1230.3,30.7,84.8,Sunny,Morning,2.29
2025-01-31,414.3,1124.6,33.4,87.2,Cloudy,Morning,0.46
2025-02-01,567.7,1193.6,33.3,49.6,Sunny,Evening,6.96
2025-02-02,494.3,1232.9,31.3,51.3,Cloudy,Night,0.04
2025-02-03,561.9,1232.1,36.1,60.3,Cloudy,Evening,1.39
2025-02-04,420.3,1242.2,36.0,86.5,Foggy,Night,1.62
2025-02-05,470.0,1361.4,23.3,82.6,Stormy,Morning,1.75
2025-02-06,500.3,1245.4,38.5,36.2,Stormy,Night,0.19
2025-02-07,502.3,1175.6,23.7,53.6,Rainy,Evening,4.18
2025-02-08,477.5,1296.4,37.2,63.2,Foggy,Morning,0.3
2025-02-09,531.1,1318.9,37.6,60.2,Foggy,Evening,1.46
2025-02-10,446.6,1077.2,26.5,41.6,Cloudy,Evening,0.38
2025-02-11,492.9,1259.7,29.9,81.5,Cloudy,Evening,0.55
2025-02-12,506.0,1270.1,26.5,70.6,Foggy,Morning,1.19
2025-02-13,525.7,1170.2,30.9,80.3,Cloudy,Evening,0.81
2025-02-14,535.6,1337.6,30.5,81.5,Cloudy,Night,0.26
2025-02-15,443.8,1185.0,35.9,74.9,Sunny,Night,0.28
2025-02-16,423.3,1212.6,38.6,56.4,Sunny,Night,0.81
2025-02-17,563.9,1182.7,39.0,66.6,Cloudy,Morning,2.12
2025-02-18,516.6,1201.6,29.2,39.6,Foggy,Night,3.42
2025-02-19,462.6,1090.4,31.0,70.4,Rainy,Evening,0.13
2025-02-20,577.6,1056.0,23.6,40.8,Cloudy,Morning,0.75
2025-02-21,505.8,1359.5,28.0,71.6,Rainy,Evening,0.16
2025-02-22,559.0,1115.3,36.8,43.8,Sunny,Evening,0.03
2025-02-23,503.4,1100.9,40.1,37.1,Foggy,Morning,1.63
2025-02-24,603.0,984.7,25.8,39.9,Foggy,Morning,1.38
2025-02-25,587.8,1136.1,29.0,30.1,Foggy,Morning,0.27
2025-02-26,487.6,1067.7,31.9,73.1,Rainy,Night,0.4
2025-02-27,548.6,1364.2,33.4,73.9,Rainy,Evening,0.04
2025-02-28,532.3,1301.0,28.0,60.9,Cloudy,Morning,2.7
2025-03-01,568.4,1131.2,34.1,39.7,Sunny,Morning,5.51
2025-03-02,451.8,1425.2,29.6,35.0,Sunny,Morning,0.22
2025-03-03,534.3,1298.2,31.9,31.1,Cloudy,Night,0.39
2025-03-04,552.9,1167.5,34.7,39.9,Cloudy,Night,3.04
2025-03-05,412.1,950.1,32.0,83.5,Cloudy,Night,3.91
2025-03-06,440.8,1429.1,29.8,44.5,Sunny,Evening,0.82
2025-03-07,398.0,1061.0,31.5,51.3,Sunny,Morning,0.08
2025-03-08,486.5,1035.5,31.6,36.3,Foggy,Evening,0.06
2025-03-09,535.9,1302.3,30.1,43.3,Cloudy,Night,1.28
2025-03-10,575.1,1444.0,30.7,61.2,Foggy,Morning,0.75
2025-03-11,503.7,1338.4,40.0,66.5,Foggy,Evening,0.04
2025-03-12,581.4,1256.4,34.8,44.7,Foggy,Evening,1.31
2025-03-13,431.0,1259.5,30.5,33.5,Rainy,Evening,0.02
2025-03-14,414.8,1285.3,35.5,53.5,Foggy,Night,2.32
2025-03-15,497.2,1275.9,30.3,44.1,Cloudy,Evening,0.55
2025-03-16,519.2,1228.1,37.9,43.2,Sunny,Night,0.06
2025-03-17,498.4,1210.4,33.8,87.6,Sunny,Night,1.33
2025-03-18,396.6,1193.7,31.5,67.0,Cloudy,Night,0.76
2025-03-19,495.5,1124.6,34.2,63.4,Stormy,Night,5.46
2025-03-20,434.8,1171.9,24.1,54.9,Sunny,Night,1.18
2025-03-21,533.5,1030.7,26.4,55.7,Stormy,Morning,0.48
2025-03-22,518.3,1190.2,26.0,62.5,Cloudy,Night,1.85
2025-03-23,453.0,1101.1,32.7,71.8,Cloudy,Night,0.48
2025-03-24,474.3,1089.6,40.7,72.1,Foggy,Night,3.52
2025-03-25,447.0,1218.0,43.2,40.3,Cloudy,Morning,0.7
2025-03-26,496.9,1339.2,35.2,60.0,Rainy,Evening,1.2
2025-03-27,547.8,1291.8,34.5,54.7,Cloudy,Morning,0.08
2025-03-28,450.7,1042.9,23.0,82.2,Stormy,Evening,0.83
2025-03-29,525.2,1101.0,29.3,67.9,Sunny,Night,2.68
2025-03-30,473.5,1294.1,28.1,62.0,Foggy,Morning,2.46
2025-03-31,460.4,1101.8,28.9,36.9,Cloudy,Night,0.38
2025-04-01,494.6,1177.5,31.2,66.3,Foggy,Night,0.38
2025-04-02,448.2,1255.0,29.6,37.0,Cloudy,Morning,2.55
2025-04-03,472.3,1103.2,22.1,50.2,Cloudy,Evening,4.0
2025-04-04,440.1,1210.5,35.7,38.6,Foggy,Evening,0.15
2025-04-05,598.2,1066.6,26.6,71.5,Stormy,Night,0.9
2025-04-06,501.8,1139.9,33.2,42.4,Rainy,Night,0.62
2025-04-07,465.0,1232.0,42.4,53.5,Sunny,Evening,3.07
2025-04-08,510.7,1040.7,27.4,83.7,Rainy,Night,0.13
2025-04-09,494.4,1244.0,19.3,42.3,Rainy,Night,0.36
2025-04-10,489.0,1198.0,30.6,60.5,Sunny,Morning,2.09
2025-04-11,530.7,1255.2,37.5,55.2,Stormy,Morning,0.08
2025-04-12,537.9,1222.4,41.8,31.1,Rainy,Morning,1.02
2025-04-13,473.5,1336.4,25.9,77.6,Stormy,Evening,0.88
2025-04-14,471.2,1212.5,34.5,34.1,Cloudy,Evening,0.61
2025-04-15,486.2,1157.1,29.7,58.5,Foggy,Evening,0.75
2025-04-16,384.9,1212.2,31.5,63.6,Stormy,Evening,1.13
2025-04-17,424.2,1254.3,45.0,67.7,Sunny,Evening,0.26
2025-04-18,568.3,1204.9,24.5,71.3,Foggy,Morning,1.27
2025-04-19,582.2,1204.1,33.3,45.2,Stormy,Morning,2.46
2025-04-20,487.5,1129.8,34.3,30.6,Rainy,Night,2.14
2025-04-21,528.8,1133.7,37.4,73.4,Stormy,Morning,0.25
2025-04-22,515.6,1059.7,32.5,62.1,Cloudy,Evening,0.24
2025-04-23,653.9,1375.0,33.5,80.2,Stormy,Night,0.47
2025-04-24,556.0,1075.6,30.0,79.3,Foggy,Evening,0.67
2025-04-25,493.6,1130.7,33.3,80.6,Sunny,Morning,0.79
2025-04-26,452.2,1128.2,30.3,59.1,Cloudy,Evening,1.71
2025-04-27,419.7,1289.5,35.1,50.0,Sunny,Morning,0.09
2025-04-28,510.2,1170.5,30.2,77.5,Foggy,Morning,0.05
2025-04-29,462.2,1324.8,33.9,57.1,Cloudy,Evening,0.75
2025-04-30,428.9,1132.7,31.9,41.0,Foggy,Evening,1.79
2025-05-01,467.7,1227.9,37.6,81.3,Sunny,Night,0.32
2025-05-02,445.9,1116.5,31.7,83.0,Cloudy,Night,1.54
2025-05-03,584.4,1414.5,23.1,58.0,Rainy,Morning,0.45
2025-05-04,544.1,1081.2,38.3,34.5,Sunny,Night,3.26
2025-05-05,499.6,1231.0,27.5,53.3,Foggy,Evening,3.39
2025-05-06,574.0,1263.4,28.7,78.2,Sunny,Night,0.53
2025-05-07,503.9,1241.4,29.0,84.1,Stormy,Evening,0.39
2025-05-08,456.9,1181.5,38.9,42.2,Sunny,Evening,0.79
2025-05-09,576.2,1187.0,21.3,34.0,Cloudy,Night,0.41
2025-05-10,526.9,1204.4,45.0,82.6,Sunny,Morning,1.67
2025-05-11,448.1,1185.3,37.3,53.4,Sunny,Morning,2.62
2025-05-12,490.5,1296.4,33.1,62.5,Sunny,Evening,1.68
2025-05-13,456.2,1421.1,31.7,88.1,Rainy,Evening,2.61
2025-05-14,430.9,1144.3,33.4,34.0,Cloudy,Night,0.76
2025-05-15,546.3,1063.0,34.6,68.9,Foggy,Evening,0.25
2025-05-16,595.5,1191.2,35.2,34.4,Sunny,Night,2.01
2025-05-17,430.1,1458.0,34.8,52.5,Stormy,Night,0.67
2025-05-18,528.1,1119.6,32.4,78.2,Foggy,Morning,1.67
2025-05-19,467.5,1363.9,31.0,56.0,Cloudy,Evening,0.47
2025-05-20,475.6,1367.8,31.2,89.8,Stormy,Morning,0.13
2025-05-21,470.4,1144.6,31.0,63.5,Foggy,Night,7.36
2025-05-22,456.8,1256.9,37.7,49.3,Cloudy,Night,0.25
2025-05-23,502.4,1362.8,35.0,43.2,Sunny,Night,6.69
2025-05-24,458.5,1162.1,17.3,51.0,Cloudy,Night,5.68
2025-05-25,513.5,1179.6,35.3,52.4,Foggy,Evening,2.37
2025-05-26,497.5,1141.8,33.0,34.1,Stormy,Evening,1.62
2025-05-27,488.1,1098.5,31.9,52.2,Sunny,Morning,1.29
2025-05-28,454.6,1135.1,30.1,57.9,Cloudy,Morning,3.02
2025-05-29,471.2,1077.6,37.6,73.4,Stormy,Morning,0.51
2025-05-30,537.8,1203.4,36.7,69.4,Rainy,Evening,0.95
2025-05-31,525.0,1123.0,28.1,72.5,Rainy,Morning,1.45
2025-06-01,451.1,1223.4,34.0,30.5,Foggy,Evening,0.79
2025-06-02,505.0,1044.4,27.1,43.1,Sunny,Evening,0.84
2025-06-03,537.6,1233.1,25.1,69.7,Stormy,Night,0.6
2025-06-04,416.5,1283.4,28.9,59.0,Sunny,Night,1.25
2025-06-05,527.2,1000.6,36.3,30.3,Cloudy,Evening,2.85
2025-06-06,466.9,1237.4,36.8,78.3,Stormy,Night,0.34
2025-06-07,528.5,1322.8,34.6,76.4,Stormy,Night,4.09
2025-06-08,461.8,1079.0,35.6,62.9,Cloudy,Evening,1.75
2025-06-09,409.8,1367.3,34.6,34.0,Cloudy,Night,2.6
2025-06-10,418.6,1241.9,28.8,76.0,Cloudy,Morning,1.22
2025-06-11,502.4,1129.5,34.2,65.0,Stormy,Night,2.27
2025-06-12,513.0,1194.4,36.0,76.9,Foggy,Evening,0.02
2025-06-13,454.8,1255.8,35.8,75.1,Stormy,Night,2.56
2025-06-14,531.9,1207.6,37.9,78.2,Rainy,Night,0.06
2025-06-15,416.9,1253.9,35.5,61.1,Rainy,Morning,3.31
2025-06-16,496.7,1107.9,33.8,38.4,Foggy,Evening,7.24
2025-06-17,439.4,1216.9,37.4,70.3,Sunny,Morning,0.52
2025-06-18,467.4,1058.6,31.9,67.2,Stormy,Morning,0.35
2025-06-19,502.4,1188.9,27.6,74.5,Rainy,Night,2.17
2025-06-20,457.0,1109.6,31.2,40.2,Stormy,Evening,0.44
2025-06-21,480.8,1126.4,28.3,41.7,Stormy,Morning,3.01
2025-06-22,550.3,1323.6,28.6,83.4,Sunny,Night,0.16
2025-06-23,471.2,1309.1,31.3,75.0,Rainy,Morning,0.2
2025-06-24,541.8,1260.9,28.0,84.5,Sunny,Night,5.81
2025-06-25,443.5,1090.8,30.5,75.5,Sunny,Evening,1.68
2025-06-26,526.5,1168.4,22.5,65.8,Rainy,Night,2.81
2025-06-27,572.1,1321.3,33.1,69.2,Stormy,Night,0.59
2025-06-28,376.4,1214.2,32.0,83.3,Stormy,Night,1.69
2025-06-29,460.2,1431.9,27.9,64.7,Sunny,Morning,1.35
2025-06-30,528.9,1239.3,35.3,67.9,Cloudy,Evening,1.39
2025-07-01,489.8,1219.2,36.7,39.4,Rainy,Night,1.72
2025-07-02,518.6,1169.1,24.0,58.4,Sunny,Morning,1.28
2025-07-03,469.8,1213.4,28.2,73.0,Foggy,Evening,0.84
2025-07-04,504.3,1184.8,28.2,46.3,Rainy,Morning,0.48
2025-07-05,492.2,1270.8,27.3,42.1,Cloudy,Evening,2.2
2025-07-06,558.4,1295.7,36.1,48.8,Sunny,Morning,0.38
2025-07-07,512.7,1121.4,31.0,44.5,Sunny,Evening,1.77
2025-07-08,516.9,1066.9,30.7,42.9,Cloudy,Evening,0.4
2025-07-09,479.4,1016.4,22.0,55.5,Sunny,Morning,1.47
2025-07-10,475.6,1250.8,35.2,84.5,Cloudy,Morning,2.06
2025-07-11,478.4,1089.7,25.8,60.4,Cloudy,Morning,0.37
2025-07-12,519.7,984.7,32.3,41.3,Cloudy,Morning,0.09
2025-07-13,479.0,1238.9,33.4,34.6,Sunny,Evening,0.21
2025-07-14,514.5,1449.3,38.8,71.8,Sunny,Morning,1.4
2025-07-15,603.8,1199.4,25.5,53.0,Rainy,Evening,2.84
2025-07-16,543.6,1283.8,16.9,79.3,Foggy,Night,0.07
2025-07-17,483.7,1208.2,32.9,69.6,Foggy,Morning,1.99
2025-07-18,560.1,1190.1,41.0,77.8,Rainy,Morning,0.63
2025-07-19,479.6,1291.9,38.2,46.3,Rainy,Morning,0.98
2025-07-20,398.1,1171.0,33.0,71.5,Rainy,Evening,3.96
2025-07-21,449.6,1226.7,29.5,45.8,Cloudy,Morning,0.61
2025-07-22,406.5,1232.2,36.0,86.3,Cloudy,Night,0.94
2025-07-23,482.4,1133.2,27.1,68.2,Stormy,Evening,0.02
2025-07-24,500.9,1299.2,34.4,49.5,Foggy,Evening,0.13
2025-07-25,583.8,1182.5,34.5,46.2,Foggy,Night,0.45
2025-07-26,516.3,1124.4,37.3,41.5,Sunny,Night,0.04
2025-07-27,489.0,1253.7,45.0,71.7,Foggy,Night,1.5
2025-07-28,541.5,1110.2,34.0,43.1,Rainy,Evening,0.83
2025-07-29,389.4,1202.8,29.5,65.7,Foggy,Evening,1.19
2025-07-30,511.8,1199.1,31.9,45.9,Stormy,Evening,0.29
2025-07-31,538.5,1308.6,23.2,69.7,Foggy,Night,0.53
2025-08-01,426.1,1247.5,28.5,78.9,Foggy,Evening,1.64
2025-08-02,557.2,1197.5,30.0,76.7,Stormy,Night,5.04
2025-08-03,516.9,1281.8,29.4,75.7,Stormy,Morning,0.08
2025-08-04,479.2,1339.0,32.8,41.3,Foggy,Morning,3.32
2025-08-05,531.6,1255.8,27.9,35.3,Sunny,Night,1.29
2025-08-06,613.5,1201.0,37.6,71.9,Foggy,Night,1.24
2025-08-07,509.1,1068.8,32.0,52.1,Cloudy,Night,1.04
2025-08-08,512.4,1093.5,32.0,55.9,Sunny,Evening,0.11
2025-08-09,477.0,1169.5,30.4,31.9,Cloudy,Night,0.14
2025-08-10,457.5,1139.0,32.8,45.6,Cloudy,Evening,1.38
2025-08-11,541.5,1181.3,36.1,32.0,Stormy,Evening,0.63
2025-08-12,457.2,1205.7,27.7,82.8,Cloudy,Morning,3.74
2025-08-13,503.6,1253.0,28.7,44.6,Cloudy,Evening,0.78
2025-08-14,476.1,1193.0,30.5,63.4,Rainy,Morning,0.23
2025-08-15,523.9,1248.7,25.3,32.3,Foggy,Night,1.88
2025-08-16,516.7,1206.4,27.9,70.0,Cloudy,Evening,0.52
2025-08-17,551.9,1002.5,29.6,49.4,Foggy,Night,1.12
2025-08-18,474.5,1106.1,36.4,83.9,Foggy,Morning,1.8
2025-08-19,486.5,1185.6,33.3,83.3,Sunny,Evening,3.46
2025-08-20,451.1,1079.0,33.0,49.5,Foggy,Night,2.36
2025-08-21,477.8,1260.0,36.3,84.1,Rainy,Evening,1.69
2025-08-22,518.9,1353.1,31.3,89.8,Foggy,Night,1.71
2025-08-23,537.8,1321.9,34.0,79.5,Sunny,Night,4.38
2025-08-24,453.9,1178.7,31.5,80.7,Sunny,Evening,0.53
2025-08-25,543.5,1349.1,33.3,44.9,Rainy,Night,0.0
2025-08-26,567.8,1214.9,29.1,64.6,Sunny,Night,0.48
2025-08-27,520.7,1166.3,19.8,34.0,Foggy,Morning,0.37
2025-08-28,593.8,1138.7,31.3,35.7,Foggy,Night,1.63
2025-08-29,461.3,1169.8,39.1,89.9,Cloudy,Evening,1.51
2025-08-30,437.8,1161.2,36.6,49.6,Foggy,Evening,1.35
2025-08-31,411.1,1217.0,36.8,74.9,Foggy,Morning,0.02
2025-09-01,574.8,1216.1,38.2,78.4,Sunny,Night,1.96
2025-09-02,532.7,1200.3,32.4,81.5,Stormy,Morning,0.59
2025-09-03,497.2,1243.7,33.0,89.9,Foggy,Morning,1.64
2025-09-04,514.0,1319.1,28.9,44.5,Foggy,Night,1.22
2025-09-05,443.7,1295.0,30.4,32.4,Cloudy,Night,0.63
2025-09-06,622.3,1051.5,35.1,54.7,Sunny,Evening,0.22
2025-09-07,506.5,944.6,38.0,37.8,Cloudy,Night,0.15
2025-09-08,505.5,1293.4,31.3,31.3,Foggy,Night,2.67
2025-09-09,536.3,1063.3,29.7,51.6,Cloudy,Night,3.76
2025-09-10,524.1,1177.5,32.0,77.0,Cloudy,Evening,1.57
2025-09-11,511.2,1083.0,35.0,64.0,Foggy,Night,0.16
2025-09-12,460.5,1019.8,24.8,48.8,Stormy,Morning,0.77
2025-09-13,523.6,1254.1,20.5,69.3,Cloudy,Evening,1.96
2025-09-14,594.1,1275.9,29.2,43.9,Sunny,Evening,2.27
2025-09-15,567.3,1142.3,25.9,30.9,Foggy,Night,0.19
2025-09-16,579.7,940.9,29.5,75.9,Cloudy,Evening,0.0
2025-09-17,474.4,1145.4,31.3,67.4,Stormy,Evening,1.87
2025-09-18,450.5,1239.2,29.7,75.7,Stormy,Evening,0.66
2025-09-19,493.7,1052.1,39.3,32.3,Stormy,Night,0.44
2025-09-20,502.8,1218.3,33.6,80.2,Stormy,Night,0.02
2025-09-21,554.7,1198.5,33.5,67.2,Cloudy,Evening,1.17
2025-09-22,415.4,1257.9,35.1,63.8,Cloudy,Night,2.86
2025-09-23,576.5,1212.0,26.3,67.5,Stormy,Morning,4.74
2025-09-24,492.1,1102.7,37.2,81.9,Foggy,Night,1.25
2025-09-25,478.7,1319.7,31.6,65.2,Rainy,Morning,1.08
2025-09-26,449.4,1184.1,35.4,64.9,Foggy,Night,0.13
2025-09-27,417.3,1197.3,26.6,89.4,Foggy,Evening,1.19
2025-09-28,541.2,1106.7,24.2,75.4,Sunny,Evening,0.72
2025-09-29,503.7,1155.7,36.1,56.5,Sunny,Night,1.4
2025-09-30,435.5,1111.5,33.9,72.4,Rainy,Night,0.74
2025-10-01,435.2,1182.7,27.5,53.4,Foggy,Morning,0.41
2025-10-02,483.2,1371.2,27.7,43.7,Rainy,Morning,0.15
2025-10-03,583.5,1062.8,37.6,65.8,Foggy,Morning,0.57
2025-10-04,487.0,1038.6,26.1,85.7,Cloudy,Evening,0.15
2025-10-05,424.8,1347.1,40.2,85.7,Cloudy,Night,0.29
2025-10-06,487.7,1179.1,27.5,50.5,Sunny,Morning,6.55
2025-10-07,486.4,1133.1,35.2,61.7,Cloudy,Evening,0.88
2025-10-08,365.2,1304.0,30.4,42.7,Cloudy,Morning,1.14
2025-10-09,497.3,1139.4,35.0,89.7,Foggy,Night,3.1
2025-10-10,488.5,1382.6,29.3,88.9,Cloudy,Evening,8.0
2025-10-11,534.8,1267.8,31.2,69.0,Sunny,Morning,1.31
2025-10-12,592.4,1151.2,32.2,78.3,Foggy,Morning,2.51
2025-10-13,556.3,1415.7,27.0,72.9,Foggy,Evening,0.59
2025-10-14,486.6,1139.4,35.7,65.6,Foggy,Night,0.55
2025-10-15,444.7,1274.2,29.4,33.2,Cloudy,Night,0.77
2025-10-16,628.7,1229.9,30.9,57.3,Stormy,Night,1.67
2025-10-17,503.0,1330.2,27.0,70.5,Sunny,Night,1.72
2025-10-18,500.7,1356.2,19.2,70.7,Cloudy,Night,0.57
2025-10-19,498.8,1203.2,31.0,52.4,Stormy,Evening,0.21
2025-10-20,509.9,1124.7,44.1,86.5,Foggy,Morning,1.5
2025-10-21,492.8,1246.0,35.9,40.0,Foggy,Evening,0.21
2025-10-22,471.3,1132.2,31.9,60.0,Sunny,Evening,1.3
2025-10-23,472.7,1401.3,30.7,71.5,Sunny,Evening,1.77
2025-10-24,498.4,1213.7,32.1,71.8,Foggy,Night,1.81
2025-10-25,472.8,1163.5,34.7,68.9,Sunny,Morning,2.1
2025-10-26,464.4,1218.5,26.1,46.5,Foggy,Morning,3.09
2025-10-27,505.3,1065.3,37.6,39.4,Stormy,Morning,1.04
2025-10-28,487.3,1102.8,35.6,68.2,Rainy,Evening,1.97
2025-10-29,575.2,1320.0,35.6,66.0,Foggy,Morning,1.45
2025-10-30,367.5,1134.3,34.2,40.8,Sunny,Night,0.31
2025-10-31,554.6,1095.3,32.1,72.3,Cloudy,Evening,0.04
2025-11-01,562.3,1253.7,35.4,57.3,Cloudy,Morning,0.5
2025-11-02,396.3,1318.6,35.0,70.1,Cloudy,Night,0.88
2025-11-03,482.9,1271.9,30.2,80.2,Cloudy,Night,1.44
2025-11-04,481.4,1299.6,29.1,40.2,Stormy,Evening,2.85
2025-11-05,429.6,1124.3,32.5,31.1,Stormy,Night,0.33
2025-11-06,461.1,1057.8,39.7,76.7,Foggy,Night,0.2
2025-11-07,444.5,1350.1,25.8,66.6,Sunny,Morning,4.96
2025-11-08,587.6,1167.7,24.7,72.0,Rainy,Night,0.17
2025-11-09,546.8,1174.9,32.8,80.3,Foggy,Night,0.98
2025-11-10,563.6,1332.8,32.3,78.2,Stormy,Evening,1.32
2025-11-11,536.1,1255.6,32.9,87.7,Sunny,Morning,1.17
2025-11-12,443.5,1245.6,33.2,62.2,Cloudy,Morning,0.13
2025-11-13,473.8,1416.5,30.9,59.3,Cloudy,Evening,0.09
2025-11-14,524.5,1135.6,39.4,54.1,Foggy,Night,0.17
2025-11-15,438.9,1292.8,24.0,39.2,Cloudy,Evening,1.32
2025-11-16,535.6,1205.7,27.9,64.4,Foggy,Morning,1.18
2025-11-17,488.0,1226.9,31.5,46.6,Cloudy,Night,0.4
2025-11-18,481.3,1352.8,23.8,85.3,Rainy,Evening,1.52
2025-11-19,535.5,1250.8,31.1,65.0,Cloudy,Evening,2.57
2025-11-20,522.2,1253.8,40.3,65.6,Rainy,Morning,0.06
2025-11-21,482.0,1307.3,32.1,51.3,Stormy,Evening,1.03
2025-11-22,558.0,1163.5,33.2,33.1,Foggy,Morning,1.75
2025-11-23,445.9,1116.1,25.7,31.9,Foggy,Morning,0.44
2025-11-24,530.8,1095.5,28.9,55.4,Cloudy,Morning,0.55
2025-11-25,529.7,1003.4,30.1,35.1,Stormy,Night,1.43
2025-11-26,484.5,1405.6,30.4,66.4,Foggy,Evening,3.42
2025-11-27,516.3,1089.7,38.4,82.9,Cloudy,Evening,2.49
2025-11-28,437.4,1177.9,34.8,83.0,Foggy,Night,1.31
2025-11-29,546.2,1172.3,26.4,69.5,Stormy,Evening,1.97
2025-11-30,490.8,1230.7,33.2,42.7,Sunny,Night,0.68
2025-12-01,473.9,1281.6,34.5,81.8,Sunny,Morning,1.54
2025-12-02,552.5,1286.0,37.7,83.2,Sunny,Evening,0.94
2025-12-03,464.8,1141.7,39.9,41.8,Stormy,Morning,0.32
2025-12-04,429.6,1183.3,26.9,74.2,Sunny,Night,1.81
2025-12-05,422.2,1228.3,27.9,47.2,Cloudy,Evening,1.22
2025-12-06,530.3,1175.1,25.7,78.2,Sunny,Night,0.67
2025-12-07,436.0,1360.7,30.8,89.8,Stormy,Morning,3.63
2025-12-08,587.7,1249.1,34.3,31.8,Cloudy,Evening,0.03
2025-12-09,395.9,1273.5,36.9,83.8,Rainy,Evening,0.57
2025-12-10,584.8,1266.3,31.6,67.4,Stormy,Night,0.09
2025-12-11,510.6,1317.3,30.4,88.4,Cloudy,Evening,2.18
2025-12-12,495.2,1218.1,32.8,57.9,Stormy,Night,1.82
2025-12-13,472.8,1070.3,27.8,80.8,Sunny,Morning,0.6
2025-12-14,520.0,1240.0,42.4,33.7,Stormy,Night,1.69
2025-12-15,498.1,1134.9,24.0,50.1,Stormy,Evening,0.76
2025-12-16,555.2,1147.1,32.9,34.0,Rainy,Evening,2.12
2025-12-17,505.7,1258.6,42.1,88.5,Sunny,Evening,0.91
2025-12-18,507.5,1323.8,32.0,79.0,Foggy,Night,0.8
2025-12-19,481.8,1202.1,31.0,81.2,Stormy,Night,4.09
2025-12-20,497.2,1230.9,30.2,86.3,Foggy,Evening,0.43
2025-12-21,515.4,1370.2,31.1,35.1,Stormy,Evening,0.19
2025-12-22,414.5,1224.1,38.9,53.1,Stormy,Evening,1.32
2025-12-23,432.6,1460.2,20.9,34.3,Sunny,Night,5.23
2025-12-24,537.2,1256.6,39.7,42.6,Rainy,Evening,0.71
2025-12-25,508.5,1023.9,24.9,43.8,Cloudy,Evening,0.1
2025-12-26,490.8,1275.3,30.7,58.1,Stormy,Night,0.62
2025-12-27,500.9,1238.1,29.9,46.1,Sunny,Evening,1.06
2025-12-28,517.4,1329.0,34.9,36.1,Stormy,Morning,0.26
2025-12-29,473.0,1267.3,24.0,40.0,Rainy,Morning,1.61
2025-12-30,461.1,1186.2,34.3,38.8,Rainy,Night,8.0
2025-12-31,509.8,1077.6,42.1,88.4,Foggy,Night,0.9
